date,campaign_id,campaign_name,platform,impressions,clicks,spend,conversions,revenue
2026-03-11,CAMP-01,Summer Sale DE,google,13261,375,165.77,19,983.56
2026-03-11,CAMP-02,Brand Awareness EU,meta,55535,765,246.82,9,394.92
2026-03-11,CAMP-03,Retargeting EU,google,7462,382,88.62,20,1026.16
2026-03-11,CAMP-04,TikTok Summer Vibes,tiktok,37977,632,227.87,15,696.26
2026-03-11,CAMP-05,Google Shopping Feed,google,14500,696,241.67,33,1740.06
2026-03-11,CAMP-06,Meta Retargeting,meta,8878,337,106.55,17,843.5
2026-03-12,CAMP-01,Summer Sale DE,google,8696,246,108.7,13,644.97
2026-03-12,CAMP-02,Brand Awareness EU,meta,48084,662,213.71,8,341.94
2026-03-12,CAMP-03,Retargeting EU,google,9965,510,118.34,27,1370.26
2026-03-12,CAMP-04,TikTok Summer Vibes,tiktok,37466,624,224.8,14,686.89
2026-03-12,CAMP-05,Google Shopping Feed,google,15949,765,265.82,37,1913.89
2026-03-12,CAMP-06,Meta Retargeting,meta,11882,451,142.59,23,1128.82
2026-03-13,CAMP-01,Summer Sale DE,google,10307,292,128.85,15,764.49
2026-03-13,CAMP-02,Brand Awareness EU,meta,44886,618,199.5,7,319.19
2026-03-13,CAMP-03,Retargeting EU,google,9312,477,110.58,25,1280.43
2026-03-13,CAMP-04,TikTok Summer Vibes,tiktok,27738,462,166.43,11,508.53
2026-03-13,CAMP-05,Google Shopping Feed,google,12953,621,215.89,30,1554.42
2026-03-13,CAMP-06,Meta Retargeting,meta,8721,331,104.65,17,828.51
2026-03-14,CAMP-01,Summer Sale DE,google,11642,329,145.53,17,863.48
2026-03-14,CAMP-02,Brand Awareness EU,meta,45082,621,200.37,8,320.59
2026-03-14,CAMP-03,Retargeting EU,google,9213,472,109.41,25,1266.85
2026-03-14,CAMP-04,TikTok Summer Vibes,tiktok,31069,517,186.42,12,569.61
2026-03-14,CAMP-05,Google Shopping Feed,google,18154,871,302.58,42,2178.59
2026-03-14,CAMP-06,Meta Retargeting,meta,13904,528,166.85,27,1320.9
2026-03-15,CAMP-01,Summer Sale DE,google,13353,378,166.92,20,990.42
2026-03-15,CAMP-02,Brand Awareness EU,meta,50498,695,224.44,8,359.1
2026-03-15,CAMP-03,Retargeting EU,google,7840,401,93.11,21,1078.1
2026-03-15,CAMP-04,TikTok Summer Vibes,tiktok,41244,687,247.47,16,756.15
2026-03-15,CAMP-05,Google Shopping Feed,google,12359,593,205.99,28,1483.15
2026-03-15,CAMP-06,Meta Retargeting,meta,13247,503,158.97,26,1258.5
2026-03-16,CAMP-01,Summer Sale DE,google,10128,286,126.6,15,751.17
2026-03-16,CAMP-02,Brand Awareness EU,meta,42010,578,186.72,7,298.74
2026-03-16,CAMP-03,Retargeting EU,google,7615,390,90.43,20,1047.13
2026-03-16,CAMP-04,TikTok Summer Vibes,tiktok,29555,492,177.33,11,541.86
2026-03-16,CAMP-05,Google Shopping Feed,google,10725,514,178.75,25,1287.02
2026-03-16,CAMP-06,Meta Retargeting,meta,12232,464,146.79,24,1162.11
2026-03-17,CAMP-01,Summer Sale DE,google,8562,242,107.03,12,635.03
2026-03-17,CAMP-02,Brand Awareness EU,meta,54897,756,243.99,9,390.38
2026-03-17,CAMP-03,Retargeting EU,google,7622,390,90.51,20,1048.03
2026-03-17,CAMP-04,TikTok Summer Vibes,tiktok,27384,456,164.31,10,502.05
2026-03-17,CAMP-05,Google Shopping Feed,google,13273,637,221.22,30,1592.78
2026-03-17,CAMP-06,Meta Retargeting,meta,9670,367,116.05,19,918.74
2026-03-18,CAMP-01,Summer Sale DE,google,9837,278,122.97,14,729.65
2026-03-18,CAMP-02,Brand Awareness EU,meta,33883,466,150.59,6,240.95
2026-03-18,CAMP-03,Retargeting EU,google,7122,365,84.57,19,979.28
2026-03-18,CAMP-04,TikTok Summer Vibes,tiktok,29481,491,176.89,11,540.49
2026-03-18,CAMP-05,Google Shopping Feed,google,12369,593,206.15,28,1484.31
2026-03-18,CAMP-06,Meta Retargeting,meta,11661,443,139.94,23,1107.86
2026-03-19,CAMP-01,Summer Sale DE,google,8827,250,110.35,13,654.72
2026-03-19,CAMP-02,Brand Awareness EU,meta,47385,652,210.6,8,336.97
2026-03-19,CAMP-03,Retargeting EU,google,9386,481,111.46,25,1290.59
2026-03-19,CAMP-04,TikTok Summer Vibes,tiktok,32580,543,195.48,13,597.31
2026-03-19,CAMP-05,Google Shopping Feed,google,10918,524,181.98,25,1310.23
2026-03-19,CAMP-06,Meta Retargeting,meta,12106,460,145.28,24,1150.13
2026-03-20,CAMP-01,Summer Sale DE,google,13717,388,171.46,20,1017.35
2026-03-20,CAMP-02,Brand Awareness EU,meta,53000,730,235.56,9,376.89
2026-03-20,CAMP-03,Retargeting EU,google,7388,378,87.74,20,1015.92
2026-03-20,CAMP-04,TikTok Summer Vibes,tiktok,27427,457,164.56,10,502.83
2026-03-20,CAMP-05,Google Shopping Feed,google,15056,722,250.94,35,1806.74
2026-03-20,CAMP-06,Meta Retargeting,meta,8453,321,101.44,16,803.04
2026-03-21,CAMP-01,Summer Sale DE,google,12065,341,150.82,18,894.85
2026-03-21,CAMP-02,Brand Awareness EU,meta,44403,611,197.35,7,315.76
2026-03-21,CAMP-03,Retargeting EU,google,7787,399,92.48,21,1070.82
2026-03-21,CAMP-04,TikTok Summer Vibes,tiktok,44502,741,267.01,17,815.87
2026-03-21,CAMP-05,Google Shopping Feed,google,20360,977,339.33,47,2443.21
2026-03-21,CAMP-06,Meta Retargeting,meta,12567,477,150.81,25,1193.9
2026-03-22,CAMP-01,Summer Sale DE,google,13159,372,164.5,19,976.01
2026-03-22,CAMP-02,Brand Awareness EU,meta,43863,604,194.95,7,311.92
2026-03-22,CAMP-03,Retargeting EU,google,11705,599,139.0,32,1609.46
2026-03-22,CAMP-04,TikTok Summer Vibes,tiktok,43065,717,258.39,17,789.53
2026-03-22,CAMP-05,Google Shopping Feed,google,21026,1009,350.45,49,2523.23
2026-03-22,CAMP-06,Meta Retargeting,meta,8947,340,107.38,17,850.05
2026-03-23,CAMP-01,Summer Sale DE,google,11363,321,142.05,17,842.8
2026-03-23,CAMP-02,Brand Awareness EU,meta,58064,799,258.06,10,412.9
2026-03-23,CAMP-03,Retargeting EU,google,8630,442,102.48,23,1186.66
2026-03-23,CAMP-04,TikTok Summer Vibes,tiktok,37477,624,224.87,14,687.09
2026-03-23,CAMP-05,Google Shopping Feed,google,16539,793,275.67,38,1984.8
2026-03-23,CAMP-06,Meta Retargeting,meta,7080,269,84.97,14,672.68
2026-03-24,CAMP-01,Summer Sale DE,google,15297,433,191.22,22,1134.56
2026-03-24,CAMP-02,Brand Awareness EU,meta,38526,530,171.23,6,273.96
2026-03-24,CAMP-03,Retargeting EU,google,5738,294,68.15,15,789.08
2026-03-24,CAMP-04,TikTok Summer Vibes,tiktok,38991,649,233.95,15,714.85
2026-03-24,CAMP-05,Google Shopping Feed,google,17131,822,285.53,39,2055.81
2026-03-24,CAMP-06,Meta Retargeting,meta,7420,281,89.05,14,704.98
2026-03-25,CAMP-01,Summer Sale DE,google,13696,388,171.21,20,1015.82
2026-03-25,CAMP-02,Brand Awareness EU,meta,53503,737,237.79,9,380.47
2026-03-25,CAMP-03,Retargeting EU,google,8407,430,99.84,23,1156.04
2026-03-25,CAMP-04,TikTok Summer Vibes,tiktok,34562,576,207.37,13,633.64
2026-03-25,CAMP-05,Google Shopping Feed,google,13755,660,229.25,32,1650.61
2026-03-25,CAMP-06,Meta Retargeting,meta,9528,362,114.34,19,905.21
2026-03-26,CAMP-01,Summer Sale DE,google,8966,254,112.08,13,665.01
2026-03-26,CAMP-02,Brand Awareness EU,meta,50114,690,222.73,8,356.37
2026-03-26,CAMP-03,Retargeting EU,google,8469,434,100.58,23,1164.58
2026-03-26,CAMP-04,TikTok Summer Vibes,tiktok,31218,520,187.31,12,572.34
2026-03-26,CAMP-05,Google Shopping Feed,google,17120,821,285.34,39,2054.45
2026-03-26,CAMP-06,Meta Retargeting,meta,12001,456,144.02,24,1140.12
2026-03-27,CAMP-01,Summer Sale DE,google,15554,440,194.43,23,1153.59
2026-03-27,CAMP-02,Brand Awareness EU,meta,33842,466,150.41,6,240.66
2026-03-27,CAMP-03,Retargeting EU,google,6088,312,72.3,16,837.19
2026-03-27,CAMP-04,TikTok Summer Vibes,tiktok,36961,616,221.77,14,677.62
2026-03-27,CAMP-05,Google Shopping Feed,google,15021,721,250.36,35,1802.57
2026-03-27,CAMP-06,Meta Retargeting,meta,11493,436,137.92,22,1091.86
2026-03-28,CAMP-01,Summer Sale DE,google,13367,378,167.1,20,991.46
2026-03-28,CAMP-02,Brand Awareness EU,meta,65075,896,289.22,11,462.76
2026-03-28,CAMP-03,Retargeting EU,google,8657,443,102.81,23,1190.46
2026-03-28,CAMP-04,TikTok Summer Vibes,tiktok,25733,428,154.4,10,471.78
2026-03-28,CAMP-05,Google Shopping Feed,google,19632,942,327.2,45,2355.87
2026-03-28,CAMP-06,Meta Retargeting,meta,11295,429,135.55,22,1073.09
2026-03-29,CAMP-01,Summer Sale DE,google,13179,373,164.74,19,977.47
2026-03-29,CAMP-02,Brand Awareness EU,meta,39112,538,173.84,6,278.14
2026-03-29,CAMP-03,Retargeting EU,google,9988,511,118.61,27,1373.41
2026-03-29,CAMP-04,TikTok Summer Vibes,tiktok,37561,626,225.37,15,688.63
2026-03-29,CAMP-05,Google Shopping Feed,google,17365,833,289.42,40,2083.81
2026-03-29,CAMP-06,Meta Retargeting,meta,12665,481,151.99,25,1203.23
2026-03-30,CAMP-01,Summer Sale DE,google,10420,295,130.26,15,772.87
2026-03-30,CAMP-02,Brand Awareness EU,meta,43962,605,195.39,7,312.62
2026-03-30,CAMP-03,Retargeting EU,google,8401,430,99.76,23,1155.14
2026-03-30,CAMP-04,TikTok Summer Vibes,tiktok,28198,469,169.19,11,516.97
2026-03-30,CAMP-05,Google Shopping Feed,google,16358,785,272.63,38,1962.97
2026-03-30,CAMP-06,Meta Retargeting,meta,11691,444,140.3,23,1110.72
2026-03-31,CAMP-01,Summer Sale DE,google,11160,316,139.51,16,827.74
2026-03-31,CAMP-02,Brand Awareness EU,meta,55406,763,246.25,9,394.0
2026-03-31,CAMP-03,Retargeting EU,google,8999,461,106.87,24,1237.39
2026-03-31,CAMP-04,TikTok Summer Vibes,tiktok,21284,354,127.71,8,390.22
2026-03-31,CAMP-05,Google Shopping Feed,google,13855,665,230.93,32,1662.69
2026-03-31,CAMP-06,Meta Retargeting,meta,7799,296,93.59,15,740.91
2026-04-01,CAMP-01,Summer Sale DE,google,11309,320,141.37,16,838.8
2026-04-01,CAMP-02,Brand Awareness EU,meta,57904,797,257.35,10,411.77
2026-04-01,CAMP-03,Retargeting EU,google,8413,431,99.91,23,1156.87
2026-04-01,CAMP-04,TikTok Summer Vibes,tiktok,21301,355,127.81,8,390.54
2026-04-01,CAMP-05,Google Shopping Feed,google,16277,781,271.29,37,1953.26
2026-04-01,CAMP-06,Meta Retargeting,meta,7406,281,88.88,14,703.65
2026-04-02,CAMP-01,Summer Sale DE,google,13571,384,169.65,20,1006.59
2026-04-02,CAMP-02,Brand Awareness EU,meta,50437,694,224.17,8,358.67
2026-04-02,CAMP-03,Retargeting EU,google,8919,457,105.92,24,1226.49
2026-04-02,CAMP-04,TikTok Summer Vibes,tiktok,21064,351,126.39,8,386.19
2026-04-02,CAMP-05,Google Shopping Feed,google,12124,581,202.07,28,1454.92
2026-04-02,CAMP-06,Meta Retargeting,meta,11226,426,134.71,22,1066.49
2026-04-03,CAMP-01,Summer Sale DE,google,11973,339,149.67,17,888.07
2026-04-03,CAMP-02,Brand Awareness EU,meta,56023,771,248.99,9,398.39
2026-04-03,CAMP-03,Retargeting EU,google,9705,497,115.26,26,1334.54
2026-04-03,CAMP-04,TikTok Summer Vibes,tiktok,26679,444,160.08,10,489.13
2026-04-03,CAMP-05,Google Shopping Feed,google,18043,866,300.73,42,2165.23
2026-04-03,CAMP-06,Meta Retargeting,meta,11082,421,132.99,22,1052.83
2026-04-04,CAMP-01,Summer Sale DE,google,14819,419,185.25,22,1099.12
2026-04-04,CAMP-02,Brand Awareness EU,meta,49338,679,219.28,8,350.85
2026-04-04,CAMP-03,Retargeting EU,google,11488,588,136.43,31,1579.7
2026-04-04,CAMP-04,TikTok Summer Vibes,tiktok,25538,425,153.23,10,468.21
2026-04-04,CAMP-05,Google Shopping Feed,google,12642,606,210.7,29,1517.06
2026-04-04,CAMP-06,Meta Retargeting,meta,8513,323,102.17,17,808.82
2026-04-05,CAMP-01,Summer Sale DE,google,16910,479,211.38,25,1254.2
2026-04-05,CAMP-02,Brand Awareness EU,meta,52741,726,234.41,9,375.05
2026-04-05,CAMP-03,Retargeting EU,google,8516,436,101.13,23,1170.96
2026-04-05,CAMP-04,TikTok Summer Vibes,tiktok,30532,508,183.19,12,559.76
2026-04-05,CAMP-05,Google Shopping Feed,google,15257,732,254.3,35,1830.95
2026-04-05,CAMP-06,Meta Retargeting,meta,14036,533,168.44,28,1333.47
2026-04-06,CAMP-01,Summer Sale DE,google,9935,281,124.19,14,736.86
2026-04-06,CAMP-02,Brand Awareness EU,meta,47451,653,210.89,8,337.43
2026-04-06,CAMP-03,Retargeting EU,google,6033,309,71.65,16,829.59
2026-04-06,CAMP-04,TikTok Summer Vibes,tiktok,29168,486,175.01,11,534.75
2026-04-06,CAMP-05,Google Shopping Feed,google,17165,823,286.1,40,2059.9
2026-04-06,CAMP-06,Meta Retargeting,meta,9037,343,108.45,18,858.56
2026-04-07,CAMP-01,Summer Sale DE,google,10280,291,128.5,15,762.45
2026-04-07,CAMP-02,Brand Awareness EU,meta,39579,545,175.91,7,281.45
2026-04-07,CAMP-03,Retargeting EU,google,7051,361,83.74,19,969.61
2026-04-07,CAMP-04,TikTok Summer Vibes,tiktok,23307,388,139.85,9,427.31
2026-04-07,CAMP-05,Google Shopping Feed,google,12191,585,203.2,28,1463.02
2026-04-07,CAMP-06,Meta Retargeting,meta,10634,404,127.61,21,1010.25
2026-04-08,CAMP-01,Summer Sale DE,google,10430,295,130.38,15,773.6
2026-04-08,CAMP-02,Brand Awareness EU,meta,31950,440,142.0,5,227.2
2026-04-08,CAMP-03,Retargeting EU,google,9906,507,117.64,27,1362.15
2026-04-08,CAMP-04,TikTok Summer Vibes,tiktok,36727,612,220.37,14,673.34
2026-04-08,CAMP-05,Google Shopping Feed,google,11998,575,199.97,27,1439.8
2026-04-08,CAMP-06,Meta Retargeting,meta,11332,430,135.98,22,1076.54
2026-04-09,CAMP-01,Summer Sale DE,google,14038,397,175.48,21,1041.17
2026-04-09,CAMP-02,Brand Awareness EU,meta,44482,612,197.7,7,316.32
2026-04-09,CAMP-03,Retargeting EU,google,6683,342,79.36,18,918.94
2026-04-09,CAMP-04,TikTok Summer Vibes,tiktok,27432,457,164.59,10,502.93
2026-04-09,CAMP-05,Google Shopping Feed,google,11238,539,187.31,26,1348.65
2026-04-09,CAMP-06,Meta Retargeting,meta,12494,474,149.94,24,1186.99
2026-04-10,CAMP-01,Summer Sale DE,google,13310,377,166.38,19,987.17
2026-04-10,CAMP-02,Brand Awareness EU,meta,51879,714,230.57,9,368.92
2026-04-10,CAMP-03,Retargeting EU,google,7550,386,89.66,20,1038.15
2026-04-10,CAMP-04,TikTok Summer Vibes,tiktok,26581,443,159.49,10,487.33
2026-04-10,CAMP-05,Google Shopping Feed,google,18303,878,305.06,42,2196.43
2026-04-10,CAMP-06,Meta Retargeting,meta,9981,379,119.78,19,948.23
2026-04-11,CAMP-01,Summer Sale DE,google,12164,344,152.05,18,902.18
2026-04-11,CAMP-02,Brand Awareness EU,meta,42552,586,189.12,7,302.6
2026-04-11,CAMP-03,Retargeting EU,google,11790,604,140.02,32,1621.26
2026-04-11,CAMP-04,TikTok Summer Vibes,tiktok,43166,719,259.0,17,791.39
2026-04-11,CAMP-05,Google Shopping Feed,google,12865,617,214.42,30,1543.83
2026-04-11,CAMP-06,Meta Retargeting,meta,12702,482,152.43,25,1206.76
2026-04-12,CAMP-01,Summer Sale DE,google,9731,275,121.65,14,721.77
2026-04-12,CAMP-02,Brand Awareness EU,meta,47258,651,210.04,8,336.06
2026-04-12,CAMP-03,Retargeting EU,google,8503,435,100.98,23,1169.28
2026-04-12,CAMP-04,TikTok Summer Vibes,tiktok,29687,494,178.13,11,544.28
2026-04-12,CAMP-05,Google Shopping Feed,google,21852,1048,364.21,50,2622.29
2026-04-12,CAMP-06,Meta Retargeting,meta,10937,415,131.24,21,1039.02
2026-04-13,CAMP-01,Summer Sale DE,google,10691,302,133.65,16,792.96
2026-04-13,CAMP-02,Brand Awareness EU,meta,53497,737,237.77,9,380.43
2026-04-13,CAMP-03,Retargeting EU,google,7276,372,86.41,20,1000.51
2026-04-13,CAMP-04,TikTok Summer Vibes,tiktok,38115,635,228.69,15,698.79
2026-04-13,CAMP-05,Google Shopping Feed,google,18920,908,315.35,44,2270.52
2026-04-13,CAMP-06,Meta Retargeting,meta,11654,442,139.86,23,1107.22
2026-04-14,CAMP-01,Summer Sale DE,google,11025,312,137.82,16,817.74
2026-04-14,CAMP-02,Brand Awareness EU,meta,36030,496,160.13,6,256.22
2026-04-14,CAMP-03,Retargeting EU,google,6170,316,73.28,16,848.49
2026-04-14,CAMP-04,TikTok Summer Vibes,tiktok,30906,515,185.44,12,566.62
2026-04-14,CAMP-05,Google Shopping Feed,google,13450,645,224.18,31,1614.1
2026-04-14,CAMP-06,Meta Retargeting,meta,12260,465,147.13,24,1164.79
2026-04-15,CAMP-01,Summer Sale DE,google,14208,402,177.61,21,1053.79
2026-04-15,CAMP-02,Brand Awareness EU,meta,33062,455,146.95,5,235.11
2026-04-15,CAMP-03,Retargeting EU,google,8371,429,99.41,23,1151.04
2026-04-15,CAMP-04,TikTok Summer Vibes,tiktok,26464,441,158.79,10,485.18
2026-04-15,CAMP-05,Google Shopping Feed,google,18475,886,307.93,43,2217.09
2026-04-15,CAMP-06,Meta Retargeting,meta,11761,446,141.14,23,1117.38
2026-04-16,CAMP-01,Summer Sale DE,google,8947,253,111.84,13,663.57
2026-04-16,CAMP-02,Brand Awareness EU,meta,36111,497,160.5,6,256.8
2026-04-16,CAMP-03,Retargeting EU,google,10390,532,123.38,28,1428.65
2026-04-16,CAMP-04,TikTok Summer Vibes,tiktok,38625,643,231.75,15,708.14
2026-04-16,CAMP-05,Google Shopping Feed,google,13472,646,224.54,31,1616.72
2026-04-16,CAMP-06,Meta Retargeting,meta,11845,450,142.15,23,1125.36
2026-04-17,CAMP-01,Summer Sale DE,google,14444,409,180.56,21,1071.29
2026-04-17,CAMP-02,Brand Awareness EU,meta,57771,795,256.76,10,410.82
2026-04-17,CAMP-03,Retargeting EU,google,6130,314,72.8,16,843.0
2026-04-17,CAMP-04,TikTok Summer Vibes,tiktok,29292,488,175.76,11,537.04
2026-04-17,CAMP-05,Google Shopping Feed,google,17321,831,288.68,40,2078.53
2026-04-17,CAMP-06,Meta Retargeting,meta,8066,306,96.8,16,766.35
2026-04-18,CAMP-01,Summer Sale DE,google,14114,399,176.44,21,1046.86
2026-04-18,CAMP-02,Brand Awareness EU,meta,65488,902,291.06,11,465.7
2026-04-18,CAMP-03,Retargeting EU,google,6975,357,82.84,19,959.2
2026-04-18,CAMP-04,TikTok Summer Vibes,tiktok,28711,478,172.27,11,526.37
2026-04-18,CAMP-05,Google Shopping Feed,google,17586,844,293.11,41,2110.36
2026-04-18,CAMP-06,Meta Retargeting,meta,14636,556,175.64,29,1390.49
2026-04-19,CAMP-01,Summer Sale DE,google,10419,295,130.24,15,772.76
2026-04-19,CAMP-02,Brand Awareness EU,meta,63906,880,284.03,11,454.45
2026-04-19,CAMP-03,Retargeting EU,google,10665,546,126.65,29,1466.46
2026-04-19,CAMP-04,TikTok Summer Vibes,tiktok,39309,655,235.86,15,720.67
2026-04-19,CAMP-05,Google Shopping Feed,google,22349,1072,372.5,52,2682.0
2026-04-19,CAMP-06,Meta Retargeting,meta,14677,557,176.13,29,1394.37
2026-04-20,CAMP-01,Summer Sale DE,google,8868,251,110.85,13,657.73
2026-04-20,CAMP-02,Brand Awareness EU,meta,38471,530,170.98,6,273.57
2026-04-20,CAMP-03,Retargeting EU,google,7448,381,88.46,20,1024.22
2026-04-20,CAMP-04,TikTok Summer Vibes,tiktok,25664,427,153.98,10,470.51
2026-04-20,CAMP-05,Google Shopping Feed,google,16832,807,280.54,39,2019.86
2026-04-20,CAMP-06,Meta Retargeting,meta,12892,489,154.71,25,1224.76
2026-04-21,CAMP-01,Summer Sale DE,google,9645,273,120.57,14,715.41
2026-04-21,CAMP-02,Brand Awareness EU,meta,56197,774,249.77,9,399.63
2026-04-21,CAMP-03,Retargeting EU,google,6093,312,72.36,16,837.85
2026-04-21,CAMP-04,TikTok Summer Vibes,tiktok,31948,532,191.69,12,585.73
2026-04-21,CAMP-05,Google Shopping Feed,google,13829,663,230.5,32,1659.57
2026-04-21,CAMP-06,Meta Retargeting,meta,9779,371,117.36,19,929.09
2026-04-22,CAMP-01,Summer Sale DE,google,14456,409,180.71,21,1072.19
2026-04-22,CAMP-02,Brand Awareness EU,meta,57908,797,257.37,10,411.79
2026-04-22,CAMP-03,Retargeting EU,google,9665,495,114.78,26,1329.01
2026-04-22,CAMP-04,TikTok Summer Vibes,tiktok,36127,602,216.76,14,662.34
2026-04-22,CAMP-05,Google Shopping Feed,google,17119,821,285.33,39,2054.35
2026-04-22,CAMP-06,Meta Retargeting,meta,7609,289,91.32,15,722.91
2026-04-23,CAMP-01,Summer Sale DE,google,8855,250,110.7,13,656.81
2026-04-23,CAMP-02,Brand Awareness EU,meta,39988,550,177.73,7,284.36
2026-04-23,CAMP-03,Retargeting EU,google,7866,403,93.41,21,1081.64
2026-04-23,CAMP-04,TikTok Summer Vibes,tiktok,24477,407,146.86,9,448.75
2026-04-23,CAMP-05,Google Shopping Feed,google,11316,543,188.6,26,1357.93
2026-04-23,CAMP-06,Meta Retargeting,meta,7522,285,90.28,15,714.68
2026-04-24,CAMP-01,Summer Sale DE,google,13610,385,170.14,20,1009.47
2026-04-24,CAMP-02,Brand Awareness EU,meta,33879,466,150.57,6,240.92
2026-04-24,CAMP-03,Retargeting EU,google,6797,348,80.72,18,934.64
2026-04-24,CAMP-04,TikTok Summer Vibes,tiktok,26982,449,161.89,10,494.67
2026-04-24,CAMP-05,Google Shopping Feed,google,16270,780,271.17,37,1952.4
2026-04-24,CAMP-06,Meta Retargeting,meta,9174,348,110.1,18,871.59
2026-04-25,CAMP-01,Summer Sale DE,google,16689,472,208.62,25,1237.81
2026-04-25,CAMP-02,Brand Awareness EU,meta,65792,906,292.41,11,467.86
2026-04-25,CAMP-03,Retargeting EU,google,8210,420,97.5,22,1128.93
2026-04-25,CAMP-04,TikTok Summer Vibes,tiktok,24957,415,149.74,9,457.55
2026-04-25,CAMP-05,Google Shopping Feed,google,12684,608,211.41,29,1522.14
2026-04-25,CAMP-06,Meta Retargeting,meta,10170,386,122.05,20,966.19
2026-04-26,CAMP-01,Summer Sale DE,google,9744,276,121.81,14,722.75
2026-04-26,CAMP-02,Brand Awareness EU,meta,49916,687,221.85,8,354.96
2026-04-26,CAMP-03,Retargeting EU,google,6925,354,82.24,19,952.25
2026-04-26,CAMP-04,TikTok Summer Vibes,tiktok,38892,648,233.36,15,713.03
2026-04-26,CAMP-05,Google Shopping Feed,google,21324,1023,355.41,49,2558.98
2026-04-26,CAMP-06,Meta Retargeting,meta,12304,467,147.66,24,1168.96
2026-04-27,CAMP-01,Summer Sale DE,google,14793,419,184.92,22,1097.19
2026-04-27,CAMP-02,Brand Awareness EU,meta,42496,585,188.87,7,302.2
2026-04-27,CAMP-03,Retargeting EU,google,8546,438,101.49,23,1175.18
2026-04-27,CAMP-04,TikTok Summer Vibes,tiktok,26455,440,158.73,10,485.02
2026-04-27,CAMP-05,Google Shopping Feed,google,17412,835,290.21,40,2089.5
2026-04-27,CAMP-06,Meta Retargeting,meta,8918,338,107.02,17,847.27
2026-04-28,CAMP-01,Summer Sale DE,google,11328,320,141.61,16,840.22
2026-04-28,CAMP-02,Brand Awareness EU,meta,54164,746,240.73,9,385.17
2026-04-28,CAMP-03,Retargeting EU,google,7674,393,91.13,21,1055.22
2026-04-28,CAMP-04,TikTok Summer Vibes,tiktok,34487,574,206.93,13,632.27
2026-04-28,CAMP-05,Google Shopping Feed,google,13248,635,220.81,30,1589.86
2026-04-28,CAMP-06,Meta Retargeting,meta,12927,491,155.13,25,1228.13
2026-04-29,CAMP-01,Summer Sale DE,google,10585,299,132.32,15,785.11
2026-04-29,CAMP-02,Brand Awareness EU,meta,52643,725,233.97,9,374.35
2026-04-29,CAMP-03,Retargeting EU,google,9161,469,108.79,25,1259.71
2026-04-29,CAMP-04,TikTok Summer Vibes,tiktok,24307,405,145.85,9,445.64
2026-04-29,CAMP-05,Google Shopping Feed,google,15819,759,263.65,36,1898.29
2026-04-29,CAMP-06,Meta Retargeting,meta,7848,298,94.18,15,745.57
2026-04-30,CAMP-01,Summer Sale DE,google,15159,429,189.49,22,1124.3
2026-04-30,CAMP-02,Brand Awareness EU,meta,54657,753,242.92,9,388.68
2026-04-30,CAMP-03,Retargeting EU,google,8470,434,100.58,23,1164.65
2026-04-30,CAMP-04,TikTok Summer Vibes,tiktok,27142,452,162.85,10,497.61
2026-04-30,CAMP-05,Google Shopping Feed,google,10995,527,183.26,25,1319.48
2026-04-30,CAMP-06,Meta Retargeting,meta,8840,335,106.09,17,839.87
2026-05-01,CAMP-01,Summer Sale DE,google,8990,254,112.38,13,666.81
2026-05-01,CAMP-02,Brand Awareness EU,meta,48189,663,214.17,8,342.68
2026-05-01,CAMP-03,Retargeting EU,google,9121,467,108.32,25,1254.27
2026-05-01,CAMP-04,TikTok Summer Vibes,tiktok,22853,380,137.12,9,418.98
2026-05-01,CAMP-05,Google Shopping Feed,google,14274,685,237.9,33,1712.9
2026-05-01,CAMP-06,Meta Retargeting,meta,7627,289,91.53,15,724.65
2026-05-02,CAMP-01,Summer Sale DE,google,15412,436,192.66,23,1143.11
2026-05-02,CAMP-02,Brand Awareness EU,meta,48099,662,213.78,8,342.04
2026-05-02,CAMP-03,Retargeting EU,google,9976,511,118.47,27,1371.8
2026-05-02,CAMP-04,TikTok Summer Vibes,tiktok,38433,640,230.6,15,704.61
2026-05-02,CAMP-05,Google Shopping Feed,google,13040,625,217.34,30,1564.86
2026-05-02,CAMP-06,Meta Retargeting,meta,8456,321,101.47,16,803.34
2026-05-03,CAMP-01,Summer Sale DE,google,15901,450,198.76,23,1179.33
2026-05-03,CAMP-02,Brand Awareness EU,meta,62313,858,276.95,11,443.12
2026-05-03,CAMP-03,Retargeting EU,google,10316,528,122.51,28,1418.56
2026-05-03,CAMP-04,TikTok Summer Vibes,tiktok,35047,584,210.28,14,642.53
2026-05-03,CAMP-05,Google Shopping Feed,google,13445,645,224.09,31,1613.46
2026-05-03,CAMP-06,Meta Retargeting,meta,12632,480,151.59,25,1200.1
2026-05-04,CAMP-01,Summer Sale DE,google,9364,265,117.06,14,694.55
2026-05-04,CAMP-02,Brand Awareness EU,meta,51481,709,228.81,9,366.09
2026-05-04,CAMP-03,Retargeting EU,google,7541,386,89.56,20,1036.97
2026-05-04,CAMP-04,TikTok Summer Vibes,tiktok,23545,392,141.27,9,431.66
2026-05-04,CAMP-05,Google Shopping Feed,google,17918,860,298.63,41,2150.16
2026-05-04,CAMP-06,Meta Retargeting,meta,12550,476,150.6,25,1192.28
2026-05-05,CAMP-01,Summer Sale DE,google,9494,268,118.68,14,704.14
2026-05-05,CAMP-02,Brand Awareness EU,meta,33760,465,150.05,6,240.07
2026-05-05,CAMP-03,Retargeting EU,google,9490,486,112.7,26,1304.96
2026-05-05,CAMP-04,TikTok Summer Vibes,tiktok,27405,456,164.43,10,502.43
2026-05-05,CAMP-05,Google Shopping Feed,google,16242,779,270.71,37,1949.08
2026-05-05,CAMP-06,Meta Retargeting,meta,8022,304,96.28,16,762.18
2026-05-06,CAMP-01,Summer Sale DE,google,14031,397,175.39,21,1040.68
2026-05-06,CAMP-02,Brand Awareness EU,meta,54062,744,240.28,9,384.45
2026-05-06,CAMP-03,Retargeting EU,google,8328,426,98.9,22,1145.2
2026-05-06,CAMP-04,TikTok Summer Vibes,tiktok,27866,464,167.2,11,510.88
2026-05-06,CAMP-05,Google Shopping Feed,google,11814,567,196.9,27,1417.69
2026-05-06,CAMP-06,Meta Retargeting,meta,10174,386,122.09,20,966.57
2026-05-07,CAMP-01,Summer Sale DE,google,12946,366,161.83,19,960.18
2026-05-07,CAMP-02,Brand Awareness EU,meta,44907,618,199.59,7,319.34
2026-05-07,CAMP-03,Retargeting EU,google,9438,483,112.08,25,1297.76
2026-05-07,CAMP-04,TikTok Summer Vibes,tiktok,33751,562,202.51,13,618.78
2026-05-07,CAMP-05,Google Shopping Feed,google,17211,826,286.86,40,2065.42
2026-05-07,CAMP-06,Meta Retargeting,meta,7066,268,84.8,14,671.34
2026-05-08,CAMP-01,Summer Sale DE,google,12494,354,156.18,18,926.69
2026-05-08,CAMP-02,Brand Awareness EU,meta,35257,485,156.7,6,250.72
2026-05-08,CAMP-03,Retargeting EU,google,9438,483,112.08,25,1297.77
2026-05-08,CAMP-04,TikTok Summer Vibes,tiktok,32400,540,194.4,12,594.01
2026-05-08,CAMP-05,Google Shopping Feed,google,18932,908,315.55,44,2271.94
2026-05-08,CAMP-06,Meta Retargeting,meta,10801,410,129.62,21,1026.12
2026-05-09,CAMP-01,Summer Sale DE,google,13736,389,171.7,20,1018.76
2026-05-09,CAMP-02,Brand Awareness EU,meta,59824,824,265.89,10,425.42
2026-05-09,CAMP-03,Retargeting EU,google,9483,486,112.61,26,1303.91
2026-05-09,CAMP-04,TikTok Summer Vibes,tiktok,33586,559,201.52,13,615.75
2026-05-09,CAMP-05,Google Shopping Feed,google,19355,929,322.6,45,2322.7
2026-05-09,CAMP-06,Meta Retargeting,meta,9139,347,109.67,18,868.25
2026-05-10,CAMP-01,Summer Sale DE,google,9912,280,123.91,14,735.18
2026-05-10,CAMP-02,Brand Awareness EU,meta,66038,909,293.5,11,469.6
2026-05-10,CAMP-03,Retargeting EU,google,10088,517,119.8,27,1387.21
2026-05-10,CAMP-04,TikTok Summer Vibes,tiktok,43046,717,258.28,17,789.18
2026-05-10,CAMP-05,Google Shopping Feed,google,14841,712,247.36,34,1781.03
2026-05-10,CAMP-06,Meta Retargeting,meta,10393,394,124.72,20,987.36
2026-05-11,CAMP-01,Summer Sale DE,google,11952,338,149.4,17,886.45
2026-05-11,CAMP-02,Brand Awareness EU,meta,34978,481,155.46,6,248.73
2026-05-11,CAMP-03,Retargeting EU,google,9464,485,112.39,26,1301.34
2026-05-11,CAMP-04,TikTok Summer Vibes,tiktok,31017,516,186.1,12,568.65
2026-05-11,CAMP-05,Google Shopping Feed,google,18953,909,315.89,44,2274.42
2026-05-11,CAMP-06,Meta Retargeting,meta,7868,299,94.42,15,747.51
2026-05-12,CAMP-01,Summer Sale DE,google,10917,309,136.47,16,809.71
2026-05-12,CAMP-02,Brand Awareness EU,meta,39471,543,175.43,7,280.69
2026-05-12,CAMP-03,Retargeting EU,google,6494,332,77.12,17,892.94
2026-05-12,CAMP-04,TikTok Summer Vibes,tiktok,33909,565,203.46,13,621.68
2026-05-12,CAMP-05,Google Shopping Feed,google,10902,523,181.7,25,1308.27
2026-05-12,CAMP-06,Meta Retargeting,meta,11061,420,132.74,22,1050.83
2026-05-13,CAMP-01,Summer Sale DE,google,12084,342,151.05,18,896.26
2026-05-13,CAMP-02,Brand Awareness EU,meta,56488,778,251.06,10,401.7
2026-05-13,CAMP-03,Retargeting EU,google,8684,445,103.12,23,1194.06
2026-05-13,CAMP-04,TikTok Summer Vibes,tiktok,33716,561,202.3,13,618.14
2026-05-13,CAMP-05,Google Shopping Feed,google,11826,567,197.11,27,1419.21
2026-05-13,CAMP-06,Meta Retargeting,meta,10790,410,129.49,21,1025.1
2026-05-14,CAMP-01,Summer Sale DE,google,12115,343,151.44,18,898.55
2026-05-14,CAMP-02,Brand Awareness EU,meta,31930,439,141.91,5,227.06
2026-05-14,CAMP-03,Retargeting EU,google,7424,380,88.17,20,1020.87
2026-05-14,CAMP-04,TikTok Summer Vibes,tiktok,26184,436,157.11,10,480.05
2026-05-14,CAMP-05,Google Shopping Feed,google,10758,516,179.3,25,1290.97
2026-05-14,CAMP-06,Meta Retargeting,meta,11747,446,140.97,23,1116.04
2026-05-15,CAMP-01,Summer Sale DE,google,14388,407,179.86,21,1067.16
2026-05-15,CAMP-02,Brand Awareness EU,meta,38577,531,171.46,6,274.33
2026-05-15,CAMP-03,Retargeting EU,google,7608,389,90.36,20,1046.22
2026-05-15,CAMP-04,TikTok Summer Vibes,tiktok,27455,457,164.73,10,503.34
2026-05-15,CAMP-05,Google Shopping Feed,google,13203,633,220.07,30,1584.47
2026-05-15,CAMP-06,Meta Retargeting,meta,9862,374,118.35,19,936.95
2026-05-16,CAMP-01,Summer Sale DE,google,13395,379,167.44,20,993.5
2026-05-16,CAMP-02,Brand Awareness EU,meta,61209,843,272.04,10,435.27
2026-05-16,CAMP-03,Retargeting EU,google,10263,525,121.87,28,1411.18
2026-05-16,CAMP-04,TikTok Summer Vibes,tiktok,36714,611,220.29,14,673.1
2026-05-16,CAMP-05,Google Shopping Feed,google,15605,749,260.08,36,1872.6
2026-05-16,CAMP-06,Meta Retargeting,meta,13004,494,156.05,26,1235.41
2026-05-17,CAMP-01,Summer Sale DE,google,9852,279,123.16,14,730.75
2026-05-17,CAMP-02,Brand Awareness EU,meta,63257,871,281.15,11,449.83
2026-05-17,CAMP-03,Retargeting EU,google,9942,509,118.07,27,1367.13
2026-05-17,CAMP-04,TikTok Summer Vibes,tiktok,44271,737,265.63,17,811.64
2026-05-17,CAMP-05,Google Shopping Feed,google,18123,869,302.06,42,2174.85
2026-05-17,CAMP-06,Meta Retargeting,meta,10330,392,123.96,20,981.38
2026-05-18,CAMP-01,Summer Sale DE,google,11223,317,140.29,16,832.4
2026-05-18,CAMP-02,Brand Awareness EU,meta,50070,689,222.54,8,356.06
2026-05-18,CAMP-03,Retargeting EU,google,6580,337,78.14,18,904.8
2026-05-18,CAMP-04,TikTok Summer Vibes,tiktok,22687,378,136.13,9,415.94
2026-05-18,CAMP-05,Google Shopping Feed,google,14000,672,233.34,32,1680.04
2026-05-18,CAMP-06,Meta Retargeting,meta,10762,408,129.14,21,1022.39
2026-05-19,CAMP-01,Summer Sale DE,google,10951,310,136.9,16,812.26
2026-05-19,CAMP-02,Brand Awareness EU,meta,53241,733,236.63,9,378.61
2026-05-19,CAMP-03,Retargeting EU,google,6658,341,79.07,18,915.57
2026-05-19,CAMP-04,TikTok Summer Vibes,tiktok,31059,517,186.36,12,569.43
2026-05-19,CAMP-05,Google Shopping Feed,google,15277,733,254.63,35,1833.31
2026-05-19,CAMP-06,Meta Retargeting,meta,12560,477,150.73,25,1193.25
2026-05-20,CAMP-01,Summer Sale DE,google,11588,328,144.85,17,859.45
2026-05-20,CAMP-02,Brand Awareness EU,meta,55261,761,245.61,9,392.97
2026-05-20,CAMP-03,Retargeting EU,google,7268,372,86.31,19,999.41
2026-05-20,CAMP-04,TikTok Summer Vibes,tiktok,33550,559,201.3,13,615.09
2026-05-20,CAMP-05,Google Shopping Feed,google,18701,897,311.7,43,2244.23
2026-05-20,CAMP-06,Meta Retargeting,meta,10680,405,128.16,21,1014.61
2026-05-21,CAMP-01,Summer Sale DE,google,14373,407,179.66,21,1066.0
2026-05-21,CAMP-02,Brand Awareness EU,meta,33499,461,148.89,5,238.22
2026-05-21,CAMP-03,Retargeting EU,google,7468,382,88.69,20,1026.97
2026-05-21,CAMP-04,TikTok Summer Vibes,tiktok,38261,637,229.57,15,701.46
2026-05-21,CAMP-05,Google Shopping Feed,google,14250,684,237.5,33,1710.03
2026-05-21,CAMP-06,Meta Retargeting,meta,7767,295,93.21,15,737.95
2026-05-22,CAMP-01,Summer Sale DE,google,15077,427,188.47,22,1118.27
2026-05-22,CAMP-02,Brand Awareness EU,meta,54270,747,241.2,9,385.92
2026-05-22,CAMP-03,Retargeting EU,google,5710,292,67.81,15,785.2
2026-05-22,CAMP-04,TikTok Summer Vibes,tiktok,22587,376,135.52,9,414.1
2026-05-22,CAMP-05,Google Shopping Feed,google,11379,546,189.65,26,1365.5
2026-05-22,CAMP-06,Meta Retargeting,meta,11361,431,136.34,22,1079.34
2026-05-23,CAMP-01,Summer Sale DE,google,11262,319,140.78,16,835.3
2026-05-23,CAMP-02,Brand Awareness EU,meta,48092,662,213.74,8,341.99
2026-05-23,CAMP-03,Retargeting EU,google,11530,590,136.92,31,1585.38
2026-05-23,CAMP-04,TikTok Summer Vibes,tiktok,34127,568,204.76,13,625.67
2026-05-23,CAMP-05,Google Shopping Feed,google,18172,872,302.87,42,2180.69
2026-05-23,CAMP-06,Meta Retargeting,meta,12641,480,151.7,25,1200.93
2026-05-24,CAMP-01,Summer Sale DE,google,13362,378,167.04,20,991.09
2026-05-24,CAMP-02,Brand Awareness EU,meta,63617,876,282.74,11,452.39
2026-05-24,CAMP-03,Retargeting EU,google,10600,543,125.88,29,1457.53
2026-05-24,CAMP-04,TikTok Summer Vibes,tiktok,36888,614,221.33,14,676.29
2026-05-24,CAMP-05,Google Shopping Feed,google,14293,686,238.22,33,1715.18
2026-05-24,CAMP-06,Meta Retargeting,meta,8165,310,97.98,16,775.68
2026-05-25,CAMP-01,Summer Sale DE,google,10770,305,134.63,16,798.83
2026-05-25,CAMP-02,Brand Awareness EU,meta,52018,716,231.19,9,369.91
2026-05-25,CAMP-03,Retargeting EU,google,9105,466,108.13,25,1251.98
2026-05-25,CAMP-04,TikTok Summer Vibes,tiktok,36423,607,218.54,14,667.76
2026-05-25,CAMP-05,Google Shopping Feed,google,15189,729,253.16,35,1822.74
2026-05-25,CAMP-06,Meta Retargeting,meta,11785,447,141.43,23,1119.65
2026-05-26,CAMP-01,Summer Sale DE,google,13910,394,173.88,20,1031.67
2026-05-26,CAMP-02,Brand Awareness EU,meta,51206,705,295.85,5,254.89
2026-05-26,CAMP-03,Retargeting EU,google,8288,424,98.43,22,1139.68
2026-05-26,CAMP-04,TikTok Summer Vibes,tiktok,38113,635,228.68,15,698.74
2026-05-26,CAMP-05,Google Shopping Feed,google,15625,750,260.43,36,1875.1
2026-05-26,CAMP-06,Meta Retargeting,meta,8848,336,106.18,17,840.58
2026-05-27,CAMP-01,Summer Sale DE,google,12641,358,158.02,18,937.59
2026-05-27,CAMP-02,Brand Awareness EU,meta,51844,714,299.55,5,258.07
2026-05-27,CAMP-03,Retargeting EU,google,6846,350,81.3,18,941.35
2026-05-27,CAMP-04,TikTok Summer Vibes,tiktok,35559,592,213.36,14,651.93
2026-05-27,CAMP-05,Google Shopping Feed,google,17079,819,284.66,39,2049.56
2026-05-27,CAMP-06,Meta Retargeting,meta,12742,484,152.91,25,1210.51
2026-05-28,CAMP-01,Summer Sale DE,google,10080,285,126.0,15,747.61
2026-05-28,CAMP-02,Brand Awareness EU,meta,43393,597,250.72,4,216.01
2026-05-28,CAMP-03,Retargeting EU,google,8291,424,98.47,22,1140.12
2026-05-28,CAMP-04,TikTok Summer Vibes,tiktok,31593,526,189.56,12,579.21
2026-05-28,CAMP-05,Google Shopping Feed,google,18444,885,307.41,43,2213.32
2026-05-28,CAMP-06,Meta Retargeting,meta,12743,484,152.93,25,1210.67
2026-05-29,CAMP-01,Summer Sale DE,google,11343,321,141.8,17,841.32
2026-05-29,CAMP-02,Brand Awareness EU,meta,37306,513,215.55,3,185.7
2026-05-29,CAMP-03,Retargeting EU,google,5870,300,69.71,16,807.15
2026-05-29,CAMP-04,TikTok Summer Vibes,tiktok,31159,519,186.96,12,571.25
2026-05-29,CAMP-05,Google Shopping Feed,google,17058,818,284.31,39,2047.01
2026-05-29,CAMP-06,Meta Retargeting,meta,7756,294,93.08,15,736.87
2026-05-30,CAMP-01,Summer Sale DE,google,15705,444,196.32,23,1164.84
2026-05-30,CAMP-02,Brand Awareness EU,meta,51545,710,297.82,5,256.58
2026-05-30,CAMP-03,Retargeting EU,google,10899,558,129.43,29,1498.64
2026-05-30,CAMP-04,TikTok Summer Vibes,tiktok,29446,490,176.68,11,539.84
2026-05-30,CAMP-05,Google Shopping Feed,google,17359,833,289.32,40,2083.08
2026-05-30,CAMP-06,Meta Retargeting,meta,11617,441,139.41,23,1103.69
2026-05-31,CAMP-01,Summer Sale DE,google,16405,464,205.07,24,1216.75
2026-05-31,CAMP-02,Brand Awareness EU,meta,52641,725,304.15,5,262.04
2026-05-31,CAMP-03,Retargeting EU,google,10691,547,126.96,29,1470.1
2026-05-31,CAMP-04,TikTok Summer Vibes,tiktok,41428,690,248.57,16,759.52
2026-05-31,CAMP-05,Google Shopping Feed,google,15508,744,258.47,36,1861.01
2026-05-31,CAMP-06,Meta Retargeting,meta,12802,486,153.63,25,1216.24
2026-06-01,CAMP-01,Summer Sale DE,google,9474,268,118.43,14,702.7
2026-06-01,CAMP-02,Brand Awareness EU,meta,55554,765,320.98,5,276.54
2026-06-01,CAMP-03,Retargeting EU,google,7364,377,87.45,20,1012.59
2026-06-01,CAMP-04,TikTok Summer Vibes,tiktok,32943,549,197.66,13,603.97
2026-06-01,CAMP-05,Google Shopping Feed,google,16461,790,274.36,38,1975.42
2026-06-01,CAMP-06,Meta Retargeting,meta,10981,417,131.78,21,1043.22
2026-06-02,CAMP-01,Summer Sale DE,google,14682,416,183.54,22,1088.99
2026-06-02,CAMP-02,Brand Awareness EU,meta,35788,493,206.78,3,178.15
2026-06-02,CAMP-03,Retargeting EU,google,9949,509,118.16,27,1368.11
2026-06-02,CAMP-04,TikTok Summer Vibes,tiktok,33904,565,203.43,13,621.58
2026-06-02,CAMP-05,Google Shopping Feed,google,18609,893,310.16,43,2233.16
2026-06-02,CAMP-06,Meta Retargeting,meta,11560,439,138.73,23,1098.28
2026-06-03,CAMP-01,Summer Sale DE,google,9197,260,114.97,13,682.16
2026-06-03,CAMP-02,Brand Awareness EU,meta,37395,515,216.06,3,186.14
2026-06-03,CAMP-03,Retargeting EU,google,6778,347,80.49,18,932.01
2026-06-03,CAMP-04,TikTok Summer Vibes,tiktok,24774,412,148.64,9,454.19
2026-06-03,CAMP-05,Google Shopping Feed,google,14431,692,240.52,33,1731.73
2026-06-03,CAMP-06,Meta Retargeting,meta,10059,382,120.72,20,955.67
2026-06-04,CAMP-01,Summer Sale DE,google,10868,307,135.86,16,806.08
2026-06-04,CAMP-02,Brand Awareness EU,meta,45949,633,265.49,4,228.72
2026-06-04,CAMP-03,Retargeting EU,google,7030,360,83.49,19,966.7
2026-06-04,CAMP-04,TikTok Summer Vibes,tiktok,37958,632,227.75,15,695.9
2026-06-04,CAMP-05,Google Shopping Feed,google,14301,686,238.36,33,1716.2
2026-06-04,CAMP-06,Meta Retargeting,meta,12439,472,149.28,24,1181.79
2026-06-05,CAMP-01,Summer Sale DE,google,13001,368,162.52,19,964.3
2026-06-05,CAMP-02,Brand Awareness EU,meta,45064,620,260.38,4,224.32
2026-06-05,CAMP-03,Retargeting EU,google,8531,437,101.32,23,1173.14
2026-06-05,CAMP-04,TikTok Summer Vibes,tiktok,28186,469,169.12,11,516.74
2026-06-05,CAMP-05,Google Shopping Feed,google,13415,643,223.59,31,1609.86
2026-06-05,CAMP-06,Meta Retargeting,meta,10309,391,123.72,20,979.45
2026-06-06,CAMP-01,Summer Sale DE,google,13631,386,170.39,20,1010.99
2026-06-06,CAMP-02,Brand Awareness EU,meta,44571,614,257.52,4,221.86
2026-06-06,CAMP-03,Retargeting EU,google,7989,409,94.88,21,1098.57
2026-06-06,CAMP-04,TikTok Summer Vibes,tiktok,30886,514,185.32,12,566.26
2026-06-06,CAMP-05,Google Shopping Feed,google,18024,865,300.41,42,2162.95
2026-06-06,CAMP-06,Meta Retargeting,meta,10359,393,124.32,20,984.16
2026-06-07,CAMP-01,Summer Sale DE,google,10317,292,128.96,15,765.18
2026-06-07,CAMP-02,Brand Awareness EU,meta,47322,652,273.42,4,235.56
2026-06-07,CAMP-03,Retargeting EU,google,7547,386,89.63,20,1037.81
2026-06-07,CAMP-04,TikTok Summer Vibes,tiktok,43558,725,261.35,17,798.58
2026-06-07,CAMP-05,Google Shopping Feed,google,15411,739,256.86,35,1849.39
2026-06-07,CAMP-06,Meta Retargeting,meta,10427,396,125.13,20,990.64
2026-06-08,CAMP-01,Summer Sale DE,google,14068,398,175.86,21,1043.41
2026-06-08,CAMP-02,Brand Awareness EU,meta,40403,556,233.44,4,201.12
2026-06-08,CAMP-03,Retargeting EU,google,8616,441,102.32,23,1184.82
2026-06-08,CAMP-04,TikTok Summer Vibes,tiktok,37627,627,225.77,15,689.84
2026-06-08,CAMP-05,Google Shopping Feed,google,16800,806,280.0,39,2016.02
2026-06-08,CAMP-06,Meta Retargeting,meta,9931,377,119.18,19,943.47
2026-06-09,CAMP-01,Summer Sale DE,google,12269,347,153.37,18,910.0
2026-06-09,CAMP-02,Brand Awareness EU,meta,43848,604,253.34,4,218.27
2026-06-09,CAMP-03,Retargeting EU,google,6926,355,82.26,19,952.45
2026-06-09,CAMP-04,TikTok Summer Vibes,tiktok,38405,640,230.43,15,704.1
2026-06-09,CAMP-05,Google Shopping Feed,google,11079,531,184.66,25,1329.52
2026-06-09,CAMP-06,Meta Retargeting,meta,10816,411,129.8,21,1027.58
